[{"model": "aggregator.store", "pk": 1, "fields": {"name": "DNS"}}, {"model": "aggregator.store", "pk": 2, "fields": {"name": "МВидео"}}, {"model": "aggregator.store", "pk": 3, "fields": {"name": "Regard"}}, {"model": "aggregator.store", "pk": 4, "fields": {"name": "Pyatero4ka epta"}}, {"model": "aggregator.componenttype", "pk": 1, "fields": {"name": "Материнская плата", "slug": "motherboard", "search_tags": "мать материнка"}}, {"model": "aggregator.componenttype", "pk": 2, "fields": {"name": "Оперативная память", "slug": "ram", "search_tags": "оперативка"}}, {"model": "aggregator.componenttype", "pk": 3, "fields": {"name": "Корпусный вентилятор", "slug": "case_fan", "search_tags": "пропеллер вертолет вертолёт"}}, {"model": "aggregator.component", "pk": 2, "fields": {"component_type": 1, "name": "Example motherboard"}}, {"model": "aggregator.component", "pk": 3, "fields": {"component_type": 3, "name": "Cheap fan"}}, {"model": "aggregator.component", "pk": 4, "fields": {"component_type": 2, "name": "Example ram"}}, {"model": "aggregator.component", "pk": 5, "fields": {"component_type": 1, "name": "Another motherboard"}}, {"model": "aggregator.component", "pk": 74, "fields": {"component_type": 1, "name": "Another uploaded motherboard"}}, {"model": "aggregator.componentpicture", "pk": 1, "fields": {"height": 1000, "width": 804, "file": "component_pictures/2_Example motherboard/71TaSwsWCxL._AC_UF8941000_QL80_.jpg", "component": 2}}, {"model": "aggregator.componentpicture", "pk": 2, "fields": {"height": 1063, "width": 1600, "file": "component_pictures/2_Example motherboard/motherboard-for-computer.webp", "component": 2}}, {"model": "aggregator.componentpicture", "pk": 3, "fields": {"height": 320, "width": 640, "file": "component_pictures/2_Example motherboard/640px-Computer-motherboard.jpg", "component": 2}}, {"model": "aggregator.componentpicture", "pk": 5, "fields": {"height": 1333, "width": 2000, "file": "component_pictures/2_Example motherboard/techtalk-motherboard-hero_vRVDvzr.jpeg", "component": 2}}, {"model": "aggregator.propertycategory", "pk": 2, "fields": {"order": 3.0, "component_type": 1, "name": "Example motherboard property category"}}, {"model": "aggregator.propertycategory", "pk": 3, "fields": {"order": 2.0, "component_type": 1, "name": "Another motherboard property category"}}, {"model": "aggregator.propertycategory", "pk": 4, "fields": {"order": 3.0, "component_type": 2, "name": "Example ram property category"}}, {"model": "aggregator.propertycategory", "pk": 5, "fields": {"order": 4.0, "component_type": 3, "name": "Example fan property category"}}, {"model": "aggregator.propertycategory", "pk": 6, "fields": {"order": 5.0, "component_type": 3, "name": "Another fan property category"}}, {"model": "aggregator.propertyproto", "pk": 1, "fields": {"order": 7.0, "name": "Example motherboard property", "slug": "example_mb_property", "is_filter": true, "category": 2}}, {"model": "aggregator.propertyproto", "pk": 5, "fields": {"order": 8.0, "name": "Example fan property", "slug": "example_fan_property", "is_filter": true, "category": 5}}, {"model": "aggregator.propertyproto", "pk": 6, "fields": {"order": 9.0, "name": "Test prop", "slug": "test_prop", "is_filter": true, "category": 6}}, {"model": "aggregator.propertyproto", "pk": 7, "fields": {"order": 10.0, "name": "Another motherboard property", "slug": "another_mb_property", "is_filter": false, "category": 3}}, {"model": "aggregator.property", "pk": 53, "fields": {"component": 74, "property_proto": 1}}, {"model": "aggregator.property", "pk": 59, "fields": {"component": 2, "property_proto": 1}}, {"model": "aggregator.property", "pk": 60, "fields": {"component": 3, "property_proto": 5}}, {"model": "aggregator.existingpropertyvalue", "pk": 1, "fields": {"property_proto": 1, "value": "gfds", "order": 0.0}}, {"model": "aggregator.existingpropertyvalue", "pk": 2, "fields": {"property_proto": 1, "value": 1234, "order": 0.0}}, {"model": "aggregator.existingpropertyvalue", "pk": 9, "fields": {"property_proto": 1, "value": "axaaxaxaxa", "order": 0.0}}, {"model": "aggregator.propertyvaluepair", "pk": 11, "fields": {"prop": 53, "existing_property_value": 1}}, {"model": "aggregator.propertyvaluepair", "pk": 12, "fields": {"prop": 53, "existing_property_value": 2}}, {"model": "aggregator.propertyvaluepair", "pk": 39, "fields": {"prop": 59, "existing_property_value": 9}}, {"model": "aggregator.offer", "pk": 1, "fields": {"price": 800000, "store": 1, "component": 2, "buy_link": "https://dns-shop.ru"}}, {"model": "aggregator.offer", "pk": 2, "fields": {"price": 900000, "store": 2, "component": 2, "buy_link": "https://dns-shop.ru"}}, {"model": "aggregator.offer", "pk": 3, "fields": {"price": 700000, "store": 1, "component": 4, "buy_link": "https://dns-shop.ru"}}, {"model": "aggregator.offer", "pk": 4, "fields": {"price": 820000, "store": 2, "component": 4, "buy_link": "https://dns-shop.ru"}}, {"model": "aggregator.offer", "pk": 5, "fields": {"price": 100000, "store": 1, "component": 3, "buy_link": "https://dns-shop.ru"}}, {"model": "aggregator.offer", "pk": 6, "fields": {"price": 150000, "store": 2, "component": 3, "buy_link": "https://dns-shop.ru"}}, {"model": "aggregator.offer", "pk": 34, "fields": {"price": 732100, "store": 3, "component": 74, "buy_link": "https://google.com"}}]